<?xml version='1.0' encoding='utf-8' ?>
<configuration>
  <!-- 通过include标签嵌入其他注入配置文件 />-->
  <!--<include uri="file://controller.xml" />-->
  <components>

    <component lifestyle="perwebrequest" type="UIH.IDC.Ris.Areas.Diagnosisreport.Controllers.ACRKnowledgeBaseController, UIH.IDC.Ris, Version=1.0.0.0, Culture=neutral, PublicKeyToken=null"></component>

    <component lifestyle="perwebrequest" type="UIH.IDC.Ris.Areas.Mobile.Controllers.ApplicationFormController, UIH.IDC.Ris, Version=1.0.0.0, Culture=neutral, PublicKeyToken=null"></component>

    <component lifestyle="perwebrequest" type="UIH.IDC.Ris.Areas.BaseData.Controllers.ApplicationFormController, UIH.IDC.Ris, Version=1.0.0.0, Culture=neutral, PublicKeyToken=null"></component>

    <component lifestyle="perwebrequest" type="UIH.IDC.Ris.Areas.Papr.Controllers.ApplyConsultationController, UIH.IDC.Ris, Version=1.0.0.0, Culture=neutral, PublicKeyToken=null"></component>

    <component lifestyle="perwebrequest" type="UIH.IDC.Ris.Areas.Papr.Controllers.ApplyNewCltController, UIH.IDC.Ris, Version=1.0.0.0, Culture=neutral, PublicKeyToken=null"></component>

    <component lifestyle="perwebrequest" type="UIH.IDC.Ris.Areas.BaseData.Controllers.BarCodeConfigController, UIH.IDC.Ris"></component>

    <component lifestyle="perwebrequest" type="UIH.IDC.Ris.Areas.Papr.Controllers.BarCodePrintController, UIH.IDC.Ris"></component>

    <component lifestyle="perwebrequest" type="UIH.IDC.Ris.Areas.Call.Controllers.CallManagerController, UIH.IDC.Ris"></component>

    <component lifestyle="perwebrequest" type="UIH.IDC.Ris.Areas.BaseData.Controllers.CameraDirectionController, UIH.IDC.Ris"></component>

    <component lifestyle="perwebrequest" type="UIH.IDC.Ris.Areas.BaseData.Controllers.CameraPositionController, UIH.IDC.Ris"></component>

    <component lifestyle="perwebrequest" type="UIH.IDC.Ris.Areas.Papr.Controllers.ChartsAnalysisController, UIH.IDC.Ris"></component>

    <component lifestyle="perwebrequest" type="UIH.IDC.Ris.Areas.BaseData.Controllers.ClinicalInfoController, UIH.IDC.Ris"></component>

    <component lifestyle="perwebrequest" type="UIH.IDC.Ris.Areas.BaseData.Controllers.CollectController, UIH.IDC.Ris"></component>

    <component lifestyle="perwebrequest" type="UIH.IDC.Ris.Areas.BaseData.Controllers.CollectFolderController, UIH.IDC.Ris"></component>

    <component lifestyle="perwebrequest" type="UIH.IDC.Ris.Areas.Mobile.Controllers.CollectMobileController, UIH.IDC.Ris"></component>

    <component lifestyle="perwebrequest" type="UIH.IDC.Ris.Areas.BaseData.Controllers.ColumnConfigController, UIH.IDC.Ris"></component>

    <component lifestyle="perwebrequest" type="UIH.IDC.Ris.Areas.BaseData.Controllers.ColumnDictionaryController, UIH.IDC.Ris"></component>

    <component lifestyle="perwebrequest" type="UIH.IDC.Ris.Areas.BaseData.Controllers.ComprehensiveAssessController, UIH.IDC.Ris"></component>

    <component lifestyle="perwebrequest" type="UIH.IDC.Ris.Areas.BaseData.Controllers.ContrastMediumController, UIH.IDC.Ris"></component>

    <component lifestyle="perwebrequest" type="UIH.IDC.Ris.Areas.BaseData.Controllers.CriticalValueController, UIH.IDC.Ris"></component>

    <component lifestyle="perwebrequest" type="UIH.IDC.Ris.Areas.Diagnosisreport.Controllers.DiagnosisKnowledgeBaseController, UIH.IDC.Ris"></component>

    <component lifestyle="perwebrequest" type="UIH.IDC.Ris.Areas.Diagnosisreport.Controllers.DiagnosisReportController, UIH.IDC.Ris"></component>

    <component lifestyle="perwebrequest" type="UIH.IDC.Ris.Areas.Dictionary.Controllers.DictionaryController, UIH.IDC.Ris"></component>

    <component lifestyle="perwebrequest" type="UIH.IDC.Ris.Areas.BaseData.Controllers.DocumentTypeController, UIH.IDC.Ris"></component>

    <component lifestyle="perwebrequest" type="UIH.IDC.Ris.Areas.BaseData.Controllers.EducationManagementController, UIH.IDC.Ris"></component>

    <component lifestyle="perwebrequest" type="UIH.IDC.Ris.Areas.Lock.Controllers.EntityLockController, UIH.IDC.Ris"></component>

    <component lifestyle="perwebrequest" type="UIH.IDC.Ris.Areas.Error.Controllers.ErrorController, UIH.IDC.Ris"></component>

    <component lifestyle="perwebrequest" type="UIH.Mcsf.Common.Controller.ErrorController, UIH.Mcsf.Common.Controller, Version=1.0.0.0, Culture=neutral, PublicKeyToken=null"></component>

    <component lifestyle="perwebrequest" type="UIH.IDC.Ris.Areas.Papr.Controllers.FollowupVisitController, UIH.IDC.Ris"></component>

    <component lifestyle="perwebrequest" type="UIH.IDC.Ris.Areas.BaseData.Controllers.GeneralConfigController, UIH.IDC.Ris"></component>

    <component lifestyle="perwebrequest" type="UIH.IDC.Ris.Areas.BaseData.Controllers.HisAdaptorController, UIH.IDC.Ris"></component>

    <component lifestyle="perwebrequest" type="UIH.IDC.Ris.Controllers.HomeController, UIH.IDC.Ris"></component>

    <component lifestyle="perwebrequest" type="UIH.IDC.Ris.Areas.Diagnosisreport.Controllers.ICD10KnowledgeBaseController, UIH.IDC.Ris"></component>

    <component lifestyle="perwebrequest" type="UIH.IDC.Ris.Areas.BaseData.Controllers.IdRuleController, UIH.IDC.Ris"></component>

    <component lifestyle="perwebrequest" type="UIH.IDC.Ris.Controllers.IndexController, UIH.IDC.Ris"></component>

    <component lifestyle="perwebrequest" type="UIH.IDC.Ris.Areas.BaseData.Controllers.IntegrationConfigController, UIH.IDC.Ris"></component>

    <component lifestyle="perwebrequest" type="UIH.IDC.Ris.Areas.Diagnosisreport.Controllers.KnowledgeBaseController, UIH.IDC.Ris"></component>

    <component lifestyle="perwebrequest" type="UIH.IDC.Ris.Areas.License.Controllers.LicenseConfigController, UIH.IDC.Ris"></component>

    <component lifestyle="perwebrequest" type="UIH.IDC.Ris.Areas.BaseData.Controllers.LocationController, UIH.IDC.Ris"></component>

    <component lifestyle="perwebrequest" type="UIH.IDC.Ris.Controllers.MainFrameController, UIH.IDC.Ris"></component>

    <component lifestyle="perwebrequest" type="UIH.IDC.Ris.Areas.BaseData.Controllers.ModalityController, UIH.IDC.Ris"></component>

    <component lifestyle="perwebrequest" type="UIH.IDC.Ris.Areas.BaseData.Controllers.ModalityProcedureNameController, UIH.IDC.Ris"></component>

    <component lifestyle="perwebrequest" type="UIH.IDC.Ris.Areas.BaseData.Controllers.ModalityTypeController, UIH.IDC.Ris"></component>

    <component lifestyle="perwebrequest" type="UIH.IDC.Ris.Areas.Papr.Controllers.MovePacsImageController, UIH.IDC.Ris"></component>

    <component lifestyle="perwebrequest" type="UIH.IDC.Ris.Areas.Papr.Controllers.OtherRisController, UIH.IDC.Ris"></component>

    <component lifestyle="perwebrequest" type="UIH.IDC.Ris.Areas.Papr.Controllers.PaAdvancedSearchController, UIH.IDC.Ris"></component>

    <component lifestyle="perwebrequest" type="UIH.IDC.Ris.Areas.BaseData.Controllers.PacsSettingController, UIH.IDC.Ris"></component>

    <component lifestyle="perwebrequest" type="UIH.IDC.Ris.Areas.Papr.Controllers.PaprCommonController, UIH.IDC.Ris"></component>

    <component lifestyle="perwebrequest" type="UIH.IDC.Ris.Areas.Papr.Controllers.PatientAdminController, UIH.IDC.Ris"></component>

    <component lifestyle="perwebrequest" type="UIH.IDC.Ris.Areas.Papr.Controllers.PatientRegisteController, UIH.IDC.Ris"></component>

    <component lifestyle="perwebrequest" type="UIH.IDC.Ris.Areas.Papr.Controllers.PatientRegisteDragController, UIH.IDC.Ris"></component>

    <component lifestyle="perwebrequest" type="UIH.IDC.Ris.Areas.BaseData.Controllers.PayTypeController, UIH.IDC.Ris"></component>

    <component lifestyle="perwebrequest" type="UIH.IDC.Ris.Areas.BaseData.Controllers.PersonalizationConfigController, UIH.IDC.Ris"></component>

    <component lifestyle="perwebrequest" type="UIH.IDC.Ris.Areas.BaseData.Controllers.PersonnelController, UIH.IDC.Ris"></component>

    <component lifestyle="perwebrequest" type="UIH.IDC.Ris.Areas.Papr.Controllers.PositiveRateStatisticController, UIH.IDC.Ris"></component>

    <component lifestyle="perwebrequest" type="UIH.IDC.Ris.Areas.BaseData.Controllers.PRConfigController, UIH.IDC.Ris"></component>

    <component lifestyle="perwebrequest" type="UIH.IDC.Ris.Areas.BaseData.Controllers.ProcedureBodyPartController, UIH.IDC.Ris"></component>

    <component lifestyle="perwebrequest" type="UIH.IDC.Ris.Areas.BaseData.Controllers.ProcedureNameController, UIH.IDC.Ris"></component>

    <component lifestyle="perwebrequest" type="UIH.IDC.Ris.Areas.BaseData.Controllers.ProcedureTemplateController, UIH.IDC.Ris"></component>

    <component lifestyle="perwebrequest" type="UIH.IDC.Ris.Areas.BaseData.Controllers.ProcedureTypeController, UIH.IDC.Ris"></component>

    <component lifestyle="perwebrequest" type="UIH.IDC.Ris.Areas.BaseData.Controllers.ReportConfigController, UIH.IDC.Ris"></component>

    <component lifestyle="perwebrequest" type="UIH.IDC.Ris.Areas.Mobile.Controllers.ReportController, UIH.IDC.Ris"></component>

    <component lifestyle="perwebrequest" type="UIH.IDC.Ris.Areas.Papr.Controllers.ReportDoctorWorkLoadController, UIH.IDC.Ris"></component>

    <component lifestyle="perwebrequest" type="UIH.IDC.Ris.Areas.Diagnosisreport.Controllers.ReportInterfaceController, UIH.IDC.Ris"></component>

    <component lifestyle="perwebrequest" type="UIH.IDC.Ris.Areas.ReportTemplate.Controllers.ReportTemplateController, UIH.IDC.Ris"></component>

    <component lifestyle="perwebrequest" type="UIH.IDC.Ris.Areas.Access.Controllers.ResourceController, UIH.IDC.Ris"></component>

    <component lifestyle="perwebrequest" type="UIH.IDC.Ris.Controllers.RisBaseController, UIH.IDC.Ris"></component>

    <component lifestyle="perwebrequest" type="UIH.IDC.Ris.Areas.BaseData.Controllers.RisConfigureController, UIH.IDC.Ris"></component>

    <component lifestyle="perwebrequest" type="UIH.IDC.Ris.Areas.Mobile.Controllers.RisPatientListController, UIH.IDC.Ris"></component>

    <component lifestyle="perwebrequest" type="UIH.IDC.Ris.Areas.Access.Controllers.RoleController, UIH.IDC.Ris"></component>

    <component lifestyle="perwebrequest" type="UIH.IDC.Ris.Areas.Papr.Controllers.ScheduleController, UIH.IDC.Ris"></component>

    <component lifestyle="perwebrequest" type="UIH.IDC.Ris.Areas.Schedule.Controllers.ScheduleManagerController, UIH.IDC.Ris"></component>

    <component lifestyle="perwebrequest" type="UIH.IDC.Ris.Areas.BaseData.Controllers.SensibleManageController, UIH.IDC.Ris"></component>

    <component lifestyle="perwebrequest" type="UIH.IDC.Ris.Areas.Papr.Controllers.StatisticAnalysisController, UIH.IDC.Ris"></component>

    <component lifestyle="perwebrequest" type="UIH.IDC.Ris.Areas.BaseData.Controllers.StudyInfoController, UIH.IDC.Ris"></component>

    <component lifestyle="perwebrequest" type="UIH.IDC.Ris.Areas.BaseData.Controllers.StudyMethodController, UIH.IDC.Ris"></component>

    <component lifestyle="perwebrequest" type="UIH.IDC.Ris.Api.SyncCaController, UIH.IDC.Ris"></component>

    <component lifestyle="perwebrequest" type="UIH.IDC.Ris.Api.SyncReportDataController, UIH.IDC.Ris"></component>

    <component lifestyle="perwebrequest" type="UIH.IDC.Ris.Areas.BaseData.Controllers.SystemConfigController, UIH.IDC.Ris"></component>

    <component lifestyle="perwebrequest" type="UIH.IDC.Ris.Controllers.SystemController, UIH.IDC.Ris"></component>

    <component lifestyle="perwebrequest" type="UIH.IDC.Ris.Areas.Log4Net.Controllers.SystemLogController, UIH.IDC.Ris"></component>

    <component lifestyle="perwebrequest" type="UIH.IDC.Ris.Areas.Task.Controllers.TaskRestartController, UIH.IDC.Ris"></component>

    <component lifestyle="perwebrequest" type="UIH.IDC.Ris.Controllers.ThirdpartyController, UIH.IDC.Ris"></component>

    <component lifestyle="perwebrequest" type="UIH.IDC.Ris.Controllers.TXPrintController, UIH.IDC.Ris"></component>

    <component lifestyle="perwebrequest" type="UIH.IDC.Ris.Controllers.TXWebSocketController, UIH.IDC.Ris"></component>

    <component lifestyle="perwebrequest" type="UIH.IDC.Ris.Areas.BaseData.Controllers.UploadScanFileController, UIH.IDC.Ris"></component>

    <component lifestyle="perwebrequest" type="UIH.IDC.Ris.Areas.Access.Controllers.UserController, UIH.IDC.Ris"></component>

    <component lifestyle="perwebrequest" type="UIH.IDC.Ris.Api.UserValidateController, UIH.IDC.Ris"></component>

    <component lifestyle="perwebrequest" type="UIH.IDC.Ris.Areas.BaseData.Controllers.VisitTypeController, UIH.IDC.Ris"></component>

    <component lifestyle="perwebrequest" type="UIH.IDC.Ris.Areas.WebView.Controllers.WebViewController, UIH.IDC.Ris"></component>

    <component lifestyle="perwebrequest" type="UIH.IDC.Ris.Areas.Papr.Controllers.WorkloadStatisticController, UIH.IDC.Ris"></component>
    
    <component lifestyle="perwebrequest" type="UIH.IDC.Ris.Areas.CloudSyncTool.Controllers.CloudSyncController, UIH.IDC.Ris"></component>
    
    <component lifestyle="perwebrequest" type="UIH.IDC.Ris.Mobile.PatientController, UIH.IDC.Ris"></component>

    <!-- 支持restful workflow api
    <component lifestyle="perwebrequest" type="UIH.IDC.Ris.Api.RisWfController, UIH.IDC.Ris"></component>
    -->
    


    <component lifestyle="singleton" service="UIH.IDC.Ris.Areas.Diagnosisreport.Service.IACRDiseaseKnowledgeBaseService, UIH.IDC.Ris" type="UIH.IDC.Ris.Areas.Diagnosisreport.Service.ACRDiseaseKnowledgeBaseService, UIH.IDC.Ris">
      <interceptors>
        <interceptor>${serviceProxy}</interceptor>
      </interceptors>
    </component>



    <component lifestyle="singleton" service="UIH.IDC.Ris.Areas.Diagnosisreport.Service.IACRPartKnowledgeBaseService, UIH.IDC.Ris" type="UIH.IDC.Ris.Areas.Diagnosisreport.Service.ACRPartKnowledgeBaseService, UIH.IDC.Ris">
      <interceptors>
        <interceptor>${serviceProxy}</interceptor>
      </interceptors>
    </component>


    <component lifestyle="singleton" service="UIH.IDC.Ris.Areas.BaseData.Service.BusinessManage.IAttachmentService, UIH.IDC.Ris" type="UIH.IDC.Ris.Areas.BaseData.Service.BusinessManage.AttachmentService, UIH.IDC.Ris">
      <interceptors>
        <interceptor>${serviceProxy}</interceptor>
      </interceptors>
    </component>

    <component lifestyle="singleton" service="UIH.IDC.Ris.Areas.Log4Net.Service.IAuditLogDeleteService, UIH.IDC.Ris" type="UIH.IDC.Ris.Areas.Log4Net.Service.AuditLogDeleteService, UIH.IDC.Ris">
      <interceptors>
        <interceptor>${serviceProxy}</interceptor>
      </interceptors>
    </component>

    <component lifestyle="singleton" service="UIH.IDC.Ris.Areas.Log4Net.Service.IAuditLogService, UIH.IDC.Ris" type="UIH.IDC.Ris.Areas.Log4Net.Service.AuditLogService, UIH.IDC.Ris">
      <interceptors>
        <interceptor>${serviceProxy}</interceptor>
      </interceptors>
    </component>

    <component lifestyle="singleton" service="UIH.IDC.Ris.Areas.Papr.Service.Workflow.IAutoSendWaitingReport, UIH.IDC.Ris" type="UIH.IDC.Ris.Areas.Papr.Service.Workflow.AutoSendWaitingReport, UIH.IDC.Ris">
      <interceptors>
        <interceptor>${serviceProxy}</interceptor>
      </interceptors>
    </component>
    
    <component lifestyle="singleton" service="UIH.IDC.Ris.Areas.CloudSyncTool.Service.Workflow.IAutoSyncReportData, UIH.IDC.Ris" type="UIH.IDC.Ris.Areas.CloudSyncTool.Service.Workflow.AutoSyncReportData, UIH.IDC.Ris">
      <interceptors>
        <interceptor>${serviceProxy}</interceptor>
      </interceptors>
    </component>

    <component lifestyle="singleton" service="UIH.IDC.Ris.Areas.Papr.Service.Shared.IBarCodePrintService, UIH.IDC.Ris" type="UIH.IDC.Ris.Areas.Papr.Service.Shared.BarCodePrintService, UIH.IDC.Ris">
      <interceptors>
        <interceptor>${serviceProxy}</interceptor>
      </interceptors>
    </component>

    <component lifestyle="singleton" service="UIH.IDC.Ris.Areas.BaseData.Service.BusinessManage.IBaseDataCommonService, UIH.IDC.Ris" type="UIH.IDC.Ris.Areas.BaseData.Service.BusinessManage.BaseDataCommonService, UIH.IDC.Ris">
      <interceptors>
        <interceptor>${serviceProxy}</interceptor>
      </interceptors>
    </component>

    <component lifestyle="singleton" service="UIH.Mcsf.Common.Interface.IBaseService`1, UIH.Mcsf.Common.Interface, Version=1.0.0.0, Culture=neutral, PublicKeyToken=null" type="UIH.Mcsf.Common.Service.BaseService`1, UIH.Mcsf.Common.Service, Version=1.0.0.0, Culture=neutral, PublicKeyToken=null">
      <interceptors>
        <interceptor>${serviceProxy}</interceptor>
      </interceptors>
    </component>

    <component lifestyle="singleton" service="UIH.IDC.Ris.Areas.Call.Service.ICallManagerService, UIH.IDC.Ris" type="UIH.IDC.Ris.Areas.Call.Service.CallManagerService, UIH.IDC.Ris">
      <interceptors>
        <interceptor>${serviceProxy}</interceptor>
      </interceptors>
    </component>      
    
    <component lifestyle="singleton" service="UIH.IDC.Ris.Areas.Call.Service.ICallQueueBusinessService, UIH.IDC.Ris" type="UIH.IDC.Ris.Areas.Call.Service.CallQueueBusinessService, UIH.IDC.Ris">
      <interceptors>
        <interceptor>${serviceProxy}</interceptor>
      </interceptors>
    </component>    
    
    <component lifestyle="singleton" service="UIH.IDC.Ris.Areas.Call.Service.ICallQueueCheckRoomService, UIH.IDC.Ris" type="UIH.IDC.Ris.Areas.Call.Service.CallQueueCheckRoomService, UIH.IDC.Ris">
      <interceptors>
        <interceptor>${serviceProxy}</interceptor>
      </interceptors>
    </component>

    <component lifestyle="singleton" service="UIH.IDC.Ris.Areas.BaseData.Service.BusinessManage.ICameraDirectionService, UIH.IDC.Ris" type="UIH.IDC.Ris.Areas.BaseData.Service.BusinessManage.CameraDirectionService, UIH.IDC.Ris">
      <interceptors>
        <interceptor>${serviceProxy}</interceptor>
      </interceptors>
    </component>

    <component lifestyle="singleton" service="UIH.IDC.Ris.Areas.BaseData.Service.BusinessManage.ICameraPositionService, UIH.IDC.Ris" type="UIH.IDC.Ris.Areas.BaseData.Service.BusinessManage.CameraPositionService, UIH.IDC.Ris">
      <interceptors>
        <interceptor>${serviceProxy}</interceptor>
      </interceptors>
    </component>


    <component lifestyle="singleton" service="UIH.IDC.Ris.Areas.Papr.Service.Shared.ICenterCancelMatch, UIH.IDC.Ris" type="UIH.IDC.Ris.Areas.Papr.Service.Shared.CenterCancelMatch, UIH.IDC.Ris"></component>


    <component lifestyle="singleton" service="UIH.IDC.Ris.Areas.Papr.Service.Shared.ICenterMergeService, UIH.IDC.Ris" type="UIH.IDC.Ris.Areas.Papr.Service.Shared.CenterMergeService, UIH.IDC.Ris"></component>



    <component lifestyle="singleton" service="UIH.IDC.Ris.Areas.Papr.Service.Shared.ICenterSplitService, UIH.IDC.Ris" type="UIH.IDC.Ris.Areas.Papr.Service.Shared.CenterSplitService, UIH.IDC.Ris"></component>



    <component lifestyle="singleton" service="UIH.IDC.Ris.Areas.Papr.Service.Shared.ICenterXDXPIXMerge, UIH.IDC.Ris" type="UIH.IDC.Ris.Areas.Papr.Service.Shared.CenterXDXPIXMerge, UIH.IDC.Ris"></component>

    <component lifestyle="singleton" service="UIH.IDC.Ris.Areas.Papr.Service.Shared.ICenterXDXPIXRegister, UIH.IDC.Ris" type="UIH.IDC.Ris.Areas.Papr.Service.Shared.CenterXDXPIXRegister, UIH.IDC.Ris"></component>


    <component lifestyle="singleton" service="UIH.IDC.Ris.Areas.Papr.Service.Shared.ICenterXDXPIXUpdate, UIH.IDC.Ris" type="UIH.IDC.Ris.Areas.Papr.Service.Shared.CenterXDXPIXUpdate, UIH.IDC.Ris"></component>


    <component lifestyle="singleton" service="UIH.IDC.Ris.Areas.Papr.Service.ChartsAnalysis.IChartsAnalysisService, UIH.IDC.Ris" type="UIH.IDC.Ris.Areas.Papr.Service.ChartsAnalysis.ChartsAnalysisService, UIH.IDC.Ris">
      <interceptors>
        <interceptor>${serviceProxy}</interceptor>
      </interceptors>
    </component>



    <component lifestyle="singleton" service="UIH.IDC.Ris.Areas.BaseData.Service.BusinessManage.ICollectFolderService, UIH.IDC.Ris" type="UIH.IDC.Ris.Areas.BaseData.Service.BusinessManage.CollectFolderService, UIH.IDC.Ris">
      <interceptors>
        <interceptor>${serviceProxy}</interceptor>
      </interceptors>
    </component>

    <component lifestyle="singleton" service="UIH.IDC.Ris.Areas.Mobile.Service.ICollectMobileService, UIH.IDC.Ris" type="UIH.IDC.Ris.Areas.Mobile.Service.CollectMobileService, UIH.IDC.Ris">
      <interceptors>
        <interceptor>${serviceProxy}</interceptor>
      </interceptors>
    </component>

    <component lifestyle="singleton" service="UIH.IDC.Ris.Areas.BaseData.Service.BusinessManage.ICollectService, UIH.IDC.Ris" type="UIH.IDC.Ris.Areas.BaseData.Service.BusinessManage.CollectService, UIH.IDC.Ris">
      <interceptors>
        <interceptor>${serviceProxy}</interceptor>
      </interceptors>
    </component>

    <component lifestyle="singleton" service="UIH.IDC.Ris.Areas.BaseData.Service.BusinessManage.IColumnConfigService, UIH.IDC.Ris" type="UIH.IDC.Ris.Areas.BaseData.Service.BusinessManage.ColumnConfigService, UIH.IDC.Ris"></component>

    <component lifestyle="singleton" service="UIH.IDC.Ris.Areas.BaseData.Service.BusinessManage.IColumnDictionaryService, UIH.IDC.Ris" type="UIH.IDC.Ris.Areas.BaseData.Service.BusinessManage.ColumnDictionaryService, UIH.IDC.Ris"></component>



    <component lifestyle="singleton" service="UIH.IDC.Ris.Areas.BaseData.Service.BusinessManage.IComprehensiveAssessService, UIH.IDC.Ris" type="UIH.IDC.Ris.Areas.BaseData.Service.BusinessManage.ComprehensiveAssessService, UIH.IDC.Ris">
      <interceptors>
        <interceptor>${serviceProxy}</interceptor>
      </interceptors>
    </component>

    <component lifestyle="singleton" service="UIH.IDC.Ris.Areas.BaseData.Service.BusinessManage.IContrastMediumService, UIH.IDC.Ris" type="UIH.IDC.Ris.Areas.BaseData.Service.BusinessManage.ContrastMediumService, UIH.IDC.Ris">
      <interceptors>
        <interceptor>${serviceProxy}</interceptor>
      </interceptors>
    </component>

    <component lifestyle="singleton" service="UIH.IDC.Ris.Areas.BaseData.Service.BusinessManage.ICriticalValueService, UIH.IDC.Ris" type="UIH.IDC.Ris.Areas.BaseData.Service.BusinessManage.CriticalValueService, UIH.IDC.Ris">
      <interceptors>
        <interceptor>${serviceProxy}</interceptor>
      </interceptors>
    </component>

    <component lifestyle="singleton" service="UIH.IDC.Ris.Areas.StudyBusiness.Service.IDataModelJsonService, UIH.IDC.Ris" type="UIH.IDC.Ris.Areas.StudyBusiness.Service.DataModelJsonService, UIH.IDC.Ris"></component>

    <component lifestyle="singleton" service="UIH.IDC.Ris.Common.Ris.Service.IDataSynchWcfService, UIH.IDC.Ris" type="UIH.IDC.Ris.Common.Ris.Service.DataSynchWcfService, UIH.IDC.Ris">
      <interceptors>
        <interceptor>${serviceProxy}</interceptor>
      </interceptors>
    </component>

    <component lifestyle="singleton" service="UIH.IDC.Ris.Areas.Diagnosisreport.Service.IDiagnosisKnowledgeBaseService, UIH.IDC.Ris" type="UIH.IDC.Ris.Areas.Diagnosisreport.Service.DiagnosisKnowledgeBaseService, UIH.IDC.Ris">
      <interceptors>
        <interceptor>${serviceProxy}</interceptor>
      </interceptors>
    </component>


    <component lifestyle="singleton" service="UIH.IDC.Ris.Areas.Dictionary.Service.IDictionaryConfigItemService, UIH.IDC.Ris" type="UIH.IDC.Ris.Areas.Dictionary.Service.DictionaryConfigItemService, UIH.IDC.Ris"></component>

    <component lifestyle="singleton" service="UIH.IDC.Ris.Areas.Dictionary.Service.IDictionaryGroupItemService, UIH.IDC.Ris" type="UIH.IDC.Ris.Areas.Dictionary.Service.DictionaryGroupItemService, UIH.IDC.Ris"></component>

    <component lifestyle="singleton" service="UIH.IDC.Ris.Areas.BaseData.Service.BusinessManage.IDocumentTypeService, UIH.IDC.Ris" type="UIH.IDC.Ris.Areas.BaseData.Service.BusinessManage.DocumentTypeService, UIH.IDC.Ris">
      <interceptors>
        <interceptor>${serviceProxy}</interceptor>
      </interceptors>
    </component>



    <component lifestyle="singleton" service="UIH.IDC.Ris.Areas.BaseData.Service.BusinessManage.IEducationManagementService, UIH.IDC.Ris" type="UIH.IDC.Ris.Areas.BaseData.Service.BusinessManage.EducationManagementService, UIH.IDC.Ris">
      <interceptors>
        <interceptor>${serviceProxy}</interceptor>
      </interceptors>
    </component>

    <component lifestyle="singleton" service="UIH.IDC.Ris.Areas.Lock.Service.IEntityLockService, UIH.IDC.Ris" type="UIH.IDC.Ris.Areas.Lock.Service.EntityLockService, UIH.IDC.Ris">
      <interceptors>
        <interceptor>${serviceProxy}</interceptor>
      </interceptors>
    </component>

    <component lifestyle="singleton" service="UIH.IDC.Ris.Common.Pix.Service.IFeedService, UIH.IDC.Ris" type="UIH.IDC.Ris.Common.Pix.Service.FeedService, UIH.IDC.Ris"></component>



    <component lifestyle="singleton" service="UIH.IDC.Ris.Areas.Papr.Service.PatientManage.IFollowupVisitService, UIH.IDC.Ris" type="UIH.IDC.Ris.Areas.Papr.Service.PatientManage.FollowupVisitService, UIH.IDC.Ris">
      <interceptors>
        <interceptor>${serviceProxy}</interceptor>
      </interceptors>
    </component>


    <component lifestyle="singleton" service="UIH.IDC.Ris.Areas.Access.Service.IFunctionService, UIH.IDC.Ris" type="UIH.IDC.Ris.Areas.Access.Service.FunctionService, UIH.IDC.Ris">
      <interceptors>
        <interceptor>${serviceProxy}</interceptor>
      </interceptors>
    </component>

    <component lifestyle="singleton" service="UIH.IDC.Ris.Common.His.Service.IHisService, UIH.IDC.Ris" type="UIH.IDC.Ris.Common.His.Service.HisService, UIH.IDC.Ris">
      <interceptors>
        <interceptor>${serviceProxy}</interceptor>
      </interceptors>
    </component>


    <component lifestyle="singleton" service="UIH.IDC.Ris.Areas.ReportTemplate.Service.IHistoricalReportService, UIH.IDC.Ris" type="UIH.IDC.Ris.Areas.ReportTemplate.Service.HistoricalReportService, UIH.IDC.Ris">
      <interceptors>
        <interceptor>${serviceProxy}</interceptor>
      </interceptors>
    </component>

    <component lifestyle="singleton" service="UIH.IDC.Ris.Areas.Diagnosisreport.Service.IICD10KnowledgeBaseService, UIH.IDC.Ris" type="UIH.IDC.Ris.Areas.Diagnosisreport.Service.ICD10KnowledgeBaseService, UIH.IDC.Ris">
      <interceptors>
        <interceptor>${serviceProxy}</interceptor>
      </interceptors>
    </component>


    <component lifestyle="singleton" service="UIH.IDC.Ris.Areas.BaseData.Service.BusinessManage.IIdRule_ModaService, UIH.IDC.Ris" type="UIH.IDC.Ris.Areas.BaseData.Service.BusinessManage.IdRule_ModaService, UIH.IDC.Ris"></component>

    <component lifestyle="singleton" service="UIH.IDC.Ris.Areas.BaseData.Service.BusinessManage.IIdRuleService, UIH.IDC.Ris" type="UIH.IDC.Ris.Areas.BaseData.Service.BusinessManage.IdRuleService, UIH.IDC.Ris">
      <interceptors>
        <interceptor>${serviceProxy}</interceptor>
      </interceptors>
    </component>
    <!-- 如果使用restful 方式调用workflow  配置为UIH.IDC.Ris.Common.Ris.Service.InterfaceRestServiceClient  -->
    <component lifestyle="singleton" service="UIH.IDC.Ris.Common.Ris.Service.IInterfaceServiceClient, UIH.IDC.Ris" type="UIH.IDC.Ris.Common.Ris.Service.InterfaceServiceClient, UIH.IDC.Ris"></component>

    <component lifestyle="singleton" service="UIH.Mcsf.Common.Scheduler.Service.IJobManageService, UIH.Mcsf.Common.Scheduler, Version=1.0.0.0, Culture=neutral, PublicKeyToken=null" type="UIH.Mcsf.Common.Scheduler.Service.JobManageService, UIH.Mcsf.Common.Scheduler, Version=1.0.0.0, Culture=neutral, PublicKeyToken=null"></component>

    <component lifestyle="singleton" service="UIH.Mcsf.Common.Scheduler.Service.IJobSchedulerService, UIH.Mcsf.Common.Scheduler, Version=1.0.0.0, Culture=neutral, PublicKeyToken=null" type="UIH.Mcsf.Common.Scheduler.Service.JobSchedulerService, UIH.Mcsf.Common.Scheduler, Version=1.0.0.0, Culture=neutral, PublicKeyToken=null">
      <interceptors>
        <interceptor>${serviceProxy}</interceptor>
      </interceptors>
    </component>

    <component lifestyle="singleton" service="UIH.IDC.Ris.Areas.BaseData.Service.BusinessManage.IKeyValueModelService, UIH.IDC.Ris" type="UIH.IDC.Ris.Areas.BaseData.Service.BusinessManage.KeyValueModelService, UIH.IDC.Ris">
      <interceptors>
        <interceptor>${serviceProxy}</interceptor>
      </interceptors>
    </component>

    <component lifestyle="singleton" service="UIH.IDC.Ris.Areas.BaseData.Service.BusinessManage.ILocationRoutingService, UIH.IDC.Ris" type="UIH.IDC.Ris.Areas.BaseData.Service.BusinessManage.LocationRoutingService, UIH.IDC.Ris">
      <interceptors>
        <interceptor>${serviceProxy}</interceptor>
      </interceptors>
    </component>

    <component lifestyle="singleton" service="UIH.IDC.Ris.Areas.BaseData.Service.BusinessManage.ILocationService, UIH.IDC.Ris" type="UIH.IDC.Ris.Areas.BaseData.Service.BusinessManage.LocationService, UIH.IDC.Ris">
      <interceptors>
        <interceptor>${serviceProxy}</interceptor>
      </interceptors>
    </component>

    <component lifestyle="singleton" service="UIH.IDC.Ris.Areas.Papr.Service.ChartsAnalysis.IMapService, UIH.IDC.Ris" type="UIH.IDC.Ris.Areas.Papr.Service.ChartsAnalysis.MapService, UIH.IDC.Ris">
      <interceptors>
        <interceptor>${serviceProxy}</interceptor>
      </interceptors>
    </component>

    <component lifestyle="singleton" service="UIH.Mcsf.Component.Messager.IMessagePushManager, UIH.Mcsf.Component.Messager, Version=1.0.0.0, Culture=neutral, PublicKeyToken=null" type="UIH.Mcsf.Component.Messager.MessagePushManager, UIH.Mcsf.Component.Messager, Version=1.0.0.0, Culture=neutral, PublicKeyToken=null"></component>

    <component lifestyle="singleton" service="UIH.IDC.Ris.Areas.BaseData.Service.BusinessManage.IModalityModalityPronameService, UIH.IDC.Ris" type="UIH.IDC.Ris.Areas.BaseData.Service.BusinessManage.ModalityModalityPronameService, UIH.IDC.Ris">
      <interceptors>
        <interceptor>${serviceProxy}</interceptor>
      </interceptors>
    </component>

    <component lifestyle="singleton" service="UIH.IDC.Ris.Areas.BaseData.Service.BusinessManage.IModalityProcedureNameService, UIH.IDC.Ris" type="UIH.IDC.Ris.Areas.BaseData.Service.BusinessManage.ModalityProcedureNameService, UIH.IDC.Ris">
      <interceptors>
        <interceptor>${serviceProxy}</interceptor>
      </interceptors>
    </component>

    <component lifestyle="singleton" service="UIH.IDC.Ris.Areas.BaseData.Service.BusinessManage.IModalityService, UIH.IDC.Ris" type="UIH.IDC.Ris.Areas.BaseData.Service.BusinessManage.ModalityService, UIH.IDC.Ris">
      <interceptors>
        <interceptor>${serviceProxy}</interceptor>
      </interceptors>
    </component>

    <component lifestyle="singleton" service="UIH.IDC.Ris.Areas.BaseData.Service.BusinessManage.IModalityTypeService, UIH.IDC.Ris" type="UIH.IDC.Ris.Areas.BaseData.Service.BusinessManage.ModalityTypeService, UIH.IDC.Ris">
      <interceptors>
        <interceptor>${serviceProxy}</interceptor>
      </interceptors>
    </component>

    <component lifestyle="singleton" service="UIH.IDC.Ris.Areas.Papr.Service.Workflow.IMultilevelAutoSendService, UIH.IDC.Ris" type="UIH.IDC.Ris.Areas.Papr.Service.Workflow.MultilevelAutoSendService, UIH.IDC.Ris">
      <interceptors>
        <interceptor>${serviceProxy}</interceptor>
      </interceptors>
    </component>


    <component lifestyle="singleton" service="UIH.IDC.Ris.Areas.Papr.Service.ORis.IOtherRisService, UIH.IDC.Ris" type="UIH.IDC.Ris.Areas.Papr.Service.ORis.OtherRisService, UIH.IDC.Ris">
      <interceptors>
        <interceptor>${serviceProxy}</interceptor>
      </interceptors>
    </component>

    <component lifestyle="singleton" service="UIH.IDC.Ris.Areas.Papr.Service.Shared.IPacsModalityService, UIH.IDC.Ris" type="UIH.IDC.Ris.Areas.Papr.Service.Shared.PacsModalityService, UIH.IDC.Ris">
      <interceptors>
        <interceptor>${serviceProxy}</interceptor>
      </interceptors>
    </component>


    <component lifestyle="singleton" service="UIH.IDC.Ris.Areas.Papr.Service.Shared.IPacsProcedureService, UIH.IDC.Ris" type="UIH.IDC.Ris.Areas.Papr.Service.Shared.PacsProcedureService, UIH.IDC.Ris">
      <interceptors>
        <interceptor>${serviceProxy}</interceptor>
      </interceptors>
    </component>


    <component lifestyle="singleton" service="UIH.IDC.Ris.Areas.Papr.Service.PatientManage.IPatientManageService, UIH.IDC.Ris" type="UIH.IDC.Ris.Areas.Papr.Service.PatientManage.PatientManageService, UIH.IDC.Ris">
      <interceptors>
        <interceptor>${serviceProxy}</interceptor>
      </interceptors>
    </component>

    <component lifestyle="singleton" service="UIH.IDC.Ris.Common.Ris.Service.IPatientMergeSplitServices, UIH.IDC.Ris" type="UIH.IDC.Ris.Common.Ris.Service.PatientMergeSplitServices, UIH.IDC.Ris">
      <interceptors>
        <interceptor>${serviceProxy}</interceptor>
      </interceptors>
    </component>


    <component lifestyle="singleton" service="UIH.IDC.Ris.Areas.Papr.Service.Shared.IPatientService, UIH.IDC.Ris" type="UIH.IDC.Ris.Areas.Papr.Service.Shared.PatientService, UIH.IDC.Ris">
      <interceptors>
        <interceptor>${serviceProxy}</interceptor>
      </interceptors>
    </component>


    <component lifestyle="singleton" service="UIH.IDC.Ris.Areas.Papr.Service.Shared.IPatientVisitTypeService, UIH.IDC.Ris" type="UIH.IDC.Ris.Areas.Papr.Service.Shared.PatientVisitTypeService, UIH.IDC.Ris">
      <interceptors>
        <interceptor>${serviceProxy}</interceptor>
      </interceptors>
    </component>

    <component lifestyle="singleton" service="UIH.IDC.Ris.Areas.BaseData.Service.BusinessManage.IPayTypeService, UIH.IDC.Ris" type="UIH.IDC.Ris.Areas.BaseData.Service.BusinessManage.PayTypeService, UIH.IDC.Ris">
      <interceptors>
        <interceptor>${serviceProxy}</interceptor>
      </interceptors>
    </component>

    <component lifestyle="singleton" service="UIH.IDC.Ris.Areas.Schedule.Service.IPersonnelOnDutyService, UIH.IDC.Ris" type="UIH.IDC.Ris.Areas.Schedule.Service.PersonnelOnDutyService, UIH.IDC.Ris">
      <interceptors>
        <interceptor>${serviceProxy}</interceptor>
      </interceptors>
    </component>

    <component lifestyle="singleton" service="UIH.IDC.Ris.Areas.BaseData.Service.BusinessManage.IPersonnelProfessionTypeService, UIH.IDC.Ris" type="UIH.IDC.Ris.Areas.BaseData.Service.BusinessManage.PersonnelProfessionTypeService, UIH.IDC.Ris">
      <interceptors>
        <interceptor>${serviceProxy}</interceptor>
      </interceptors>
    </component>

    <component lifestyle="singleton" service="UIH.IDC.Ris.Areas.BaseData.Service.BusinessManage.IPersonnelService, UIH.IDC.Ris" type="UIH.IDC.Ris.Areas.BaseData.Service.BusinessManage.PersonnelService, UIH.IDC.Ris">
      <interceptors>
        <interceptor>${serviceProxy}</interceptor>
      </interceptors>
    </component>

    <component lifestyle="singleton" service="UIH.IDC.Ris.Areas.BaseData.Service.BusinessManage.IPersonnelTypeService, UIH.IDC.Ris" type="UIH.IDC.Ris.Areas.BaseData.Service.BusinessManage.PersonnelTypeService, UIH.IDC.Ris">
      <interceptors>
        <interceptor>${serviceProxy}</interceptor>
      </interceptors>
    </component>

    <component lifestyle="singleton" service="UIH.IDC.Ris.Areas.Papr.Service.ChartsAnalysis.IPieService, UIH.IDC.Ris" type="UIH.IDC.Ris.Areas.Papr.Service.ChartsAnalysis.PieService, UIH.IDC.Ris">
      <interceptors>
        <interceptor>${serviceProxy}</interceptor>
      </interceptors>
    </component>

    <component lifestyle="singleton" service="UIH.IDC.Ris.Areas.Papr.Service.StatisticAnalysis.IPositiveRateStatisticService, UIH.IDC.Ris" type="UIH.IDC.Ris.Areas.Papr.Service.StatisticAnalysis.PositiveRateStatisticService, UIH.IDC.Ris">
      <interceptors>
        <interceptor>${serviceProxy}</interceptor>
      </interceptors>
    </component>


    <component lifestyle="singleton" service="UIH.IDC.Ris.Areas.BaseData.Service.BusinessManage.IPrConfigService, UIH.IDC.Ris" type="UIH.IDC.Ris.Areas.BaseData.Service.BusinessManage.PrConfigService, UIH.IDC.Ris">
      <interceptors>
        <interceptor>${serviceProxy}</interceptor>
      </interceptors>
    </component>


    <component lifestyle="singleton" service="UIH.IDC.Ris.Areas.BaseData.Service.BusinessManage.IProcedureBodyPartService, UIH.IDC.Ris" type="UIH.IDC.Ris.Areas.BaseData.Service.BusinessManage.ProcedureBodyPartService, UIH.IDC.Ris">
      <interceptors>
        <interceptor>${serviceProxy}</interceptor>
      </interceptors>
    </component>

    <component lifestyle="singleton" service="UIH.IDC.Ris.Areas.BaseData.Service.BusinessManage.IProcedureNameService, UIH.IDC.Ris" type="UIH.IDC.Ris.Areas.BaseData.Service.BusinessManage.ProcedureNameService, UIH.IDC.Ris">
      <interceptors>
        <interceptor>${serviceProxy}</interceptor>
      </interceptors>
    </component>

    <component lifestyle="singleton" service="UIH.IDC.Ris.Areas.BaseData.Service.BusinessManage.IProcedureTemplateService, UIH.IDC.Ris" type="UIH.IDC.Ris.Areas.BaseData.Service.BusinessManage.ProcedureTemplateService, UIH.IDC.Ris">
      <interceptors>
        <interceptor>${serviceProxy}</interceptor>
      </interceptors>
    </component>

    <component lifestyle="singleton" service="UIH.IDC.Ris.Areas.BaseData.Service.BusinessManage.IProcedureTypeService, UIH.IDC.Ris" type="UIH.IDC.Ris.Areas.BaseData.Service.BusinessManage.ProcedureTypeService, UIH.IDC.Ris">
      <interceptors>
        <interceptor>${serviceProxy}</interceptor>
      </interceptors>
    </component>

    <component lifestyle="singleton" service="UIH.IDC.Ris.Areas.BaseData.Service.BusinessManage.IProfessionTypeService, UIH.IDC.Ris" type="UIH.IDC.Ris.Areas.BaseData.Service.BusinessManage.ProfessionTypeService, UIH.IDC.Ris">
      <interceptors>
        <interceptor>${serviceProxy}</interceptor>
      </interceptors>
    </component>

    <component lifestyle="singleton" service="UIH.IDC.Ris.Areas.BaseData.Service.BusinessManage.IProncedureNameModalityService, UIH.IDC.Ris" type="UIH.IDC.Ris.Areas.BaseData.Service.BusinessManage.ProncedureNameModalityService, UIH.IDC.Ris">
      <interceptors>
        <interceptor>${serviceProxy}</interceptor>
      </interceptors>
    </component>

    <component lifestyle="singleton" service="UIH.IDC.Ris.Areas.BaseData.Service.BusinessManage.IProTemplateProNameService, UIH.IDC.Ris" type="UIH.IDC.Ris.Areas.BaseData.Service.BusinessManage.ProTemplateProNameService, UIH.IDC.Ris">
      <interceptors>
        <interceptor>${serviceProxy}</interceptor>
      </interceptors>
    </component>

    <component lifestyle="singleton" service="UIH.IDC.Ris.Common.Pix.Service.IQueryService, UIH.IDC.Ris" type="UIH.IDC.Ris.Common.Pix.Service.QueryService, UIH.IDC.Ris"></component>


    <component lifestyle="singleton" service="UIH.IDC.Ris.Areas.Papr.Service.Workflow.IRemoteDiagnosisService, UIH.IDC.Ris" type="UIH.IDC.Ris.Areas.Papr.Service.Workflow.RemoteDiagnosisService, UIH.IDC.Ris">
      <interceptors>
        <interceptor>${serviceProxy}</interceptor>
      </interceptors>
    </component>

    <component lifestyle="singleton" service="UIH.IDC.Ris.Areas.Papr.Service.Workflow.IRemoteDiagnosisWcfService, UIH.IDC.Ris" type="UIH.IDC.Ris.Areas.Papr.Service.Workflow.RemoteDiagnosisWcfService, UIH.IDC.Ris">
      <interceptors>
        <interceptor>${serviceProxy}</interceptor>
      </interceptors>
    </component>

    <component lifestyle="singleton" service="UIH.IDC.Ris.Areas.BaseData.Service.BusinessManage.IReportConfigService, UIH.IDC.Ris" type="UIH.IDC.Ris.Areas.BaseData.Service.BusinessManage.ReportConfigService, UIH.IDC.Ris">
      <interceptors>
        <interceptor>${serviceProxy}</interceptor>
      </interceptors>
    </component>

    <component lifestyle="singleton" service="UIH.IDC.Ris.Areas.Papr.Service.StatisticAnalysis.IReportDoctorWorkLoadService, UIH.IDC.Ris" type="UIH.IDC.Ris.Areas.Papr.Service.StatisticAnalysis.ReportDoctorWorkLoadService, UIH.IDC.Ris">
      <interceptors>
        <interceptor>${serviceProxy}</interceptor>
      </interceptors>
    </component>



    <component lifestyle="singleton" service="UIH.IDC.Ris.Areas.Diagnosisreport.Service.IReportHistoryService, UIH.IDC.Ris" type="UIH.IDC.Ris.Areas.Diagnosisreport.Service.ReportHistoryService, UIH.IDC.Ris">
      <interceptors>
        <interceptor>${serviceProxy}</interceptor>
      </interceptors>
    </component>

    <component lifestyle="singleton" service="UIH.IDC.Ris.Areas.Diagnosisreport.Service.ICaInfoService, UIH.IDC.Ris" type="UIH.IDC.Ris.Areas.Diagnosisreport.Service.CaInfoService, UIH.IDC.Ris">
      <interceptors>
        <interceptor>${serviceProxy}</interceptor>
      </interceptors>
    </component>
    
    <component lifestyle="singleton" service="UIH.IDC.Ris.Areas.Diagnosisreport.Service.IReportService, UIH.IDC.Ris" type="UIH.IDC.Ris.Areas.Diagnosisreport.Service.ReportService, UIH.IDC.Ris">
      <interceptors>
        <interceptor>${serviceProxy}</interceptor>
      </interceptors>
    </component>


    <component lifestyle="singleton" service="UIH.IDC.Ris.Areas.ReportTemplate.Service.IReportTemplateService, UIH.IDC.Ris" type="UIH.IDC.Ris.Areas.ReportTemplate.Service.ReportTemplateService, UIH.IDC.Ris">
      <interceptors>
        <interceptor>${serviceProxy}</interceptor>
      </interceptors>
    </component>

    <component lifestyle="singleton" service="UIH.IDC.Ris.Areas.Papr.Service.Shared.IRequestedProcedureService, UIH.IDC.Ris" type="UIH.IDC.Ris.Areas.Papr.Service.Shared.RequestedProcedureService, UIH.IDC.Ris">
      <interceptors>
        <interceptor>${serviceProxy}</interceptor>
      </interceptors>
    </component>


    <component lifestyle="singleton" service="UIH.IDC.Ris.Areas.Diagnosisreport.Service.IResendReportService, UIH.IDC.Ris" type="UIH.IDC.Ris.Areas.Diagnosisreport.Service.ResendReportService, UIH.IDC.Ris">
      <interceptors>
        <interceptor>${serviceProxy}</interceptor>
      </interceptors>
    </component>

    <component lifestyle="singleton" service="UIH.IDC.Ris.Areas.Access.Service.IResourceFunctionService, UIH.IDC.Ris" type="UIH.IDC.Ris.Areas.Access.Service.ResourceFunctionService, UIH.IDC.Ris">
      <interceptors>
        <interceptor>${serviceProxy}</interceptor>
      </interceptors>
    </component>

    <component lifestyle="singleton" service="UIH.IDC.Ris.Areas.Access.Service.IResourceService, UIH.IDC.Ris" type="UIH.IDC.Ris.Areas.Access.Service.ResourceService, UIH.IDC.Ris">
      <interceptors>
        <interceptor>${serviceProxy}</interceptor>
      </interceptors>
    </component>


    <component lifestyle="singleton" service="UIH.IDC.Ris.Areas.Diagnosisreport.Service.IRisOperateXDSPrintService, UIH.IDC.Ris" type="UIH.IDC.Ris.Areas.Diagnosisreport.Service.RisOperateXDSPrintService, UIH.IDC.Ris">
      <interceptors>
        <interceptor>${serviceProxy}</interceptor>
      </interceptors>
    </component>


    <component lifestyle="singleton" service="UIH.IDC.Ris.Wcf.IRisWebService, UIH.IDC.Ris" type="UIH.IDC.Ris.Wcf.RisWebService, UIH.IDC.Ris">
      <interceptors>
        <interceptor>${serviceProxy}</interceptor>
      </interceptors>
    </component>

    <component lifestyle="singleton" service="UIH.IDC.Ris.Wcf.IRisWfService, UIH.IDC.Ris" type="UIH.IDC.Ris.Wcf.RisWfService, UIH.IDC.Ris"></component>

    <component lifestyle="singleton" service="UIH.IDC.Ris.Areas.Access.Service.IRoleFunctionService, UIH.IDC.Ris" type="UIH.IDC.Ris.Areas.Access.Service.RoleFunctionService, UIH.IDC.Ris">
      <interceptors>
        <interceptor>${serviceProxy}</interceptor>
      </interceptors>
    </component>

    <component lifestyle="singleton" service="UIH.IDC.Ris.Areas.Access.Service.IRoleResourceService, UIH.IDC.Ris" type="UIH.IDC.Ris.Areas.Access.Service.RoleResourceService, UIH.IDC.Ris">
      <interceptors>
        <interceptor>${serviceProxy}</interceptor>
      </interceptors>
    </component>

    <component lifestyle="singleton" service="UIH.IDC.Ris.Areas.Access.Service.IRoleService, UIH.IDC.Ris" type="UIH.IDC.Ris.Areas.Access.Service.RoleService, UIH.IDC.Ris">
      <interceptors>
        <interceptor>${serviceProxy}</interceptor>
      </interceptors>
    </component>

    <component lifestyle="singleton" service="UIH.IDC.Ris.Areas.Access.Service.IRoleUserService, UIH.IDC.Ris" type="UIH.IDC.Ris.Areas.Access.Service.RoleUserService, UIH.IDC.Ris">
      <interceptors>
        <interceptor>${serviceProxy}</interceptor>
      </interceptors>
    </component>


    <component lifestyle="singleton" service="UIH.IDC.Ris.Areas.Schedule.Service.IScheduleDataService, UIH.IDC.Ris" type="UIH.IDC.Ris.Areas.Schedule.Service.ScheduleDataService, UIH.IDC.Ris">
      <interceptors>
        <interceptor>${serviceProxy}</interceptor>
      </interceptors>
    </component>

    <component lifestyle="singleton" service="UIH.IDC.Ris.Areas.Schedule.Service.IScheduleDoctorTypeService, UIH.IDC.Ris" type="UIH.IDC.Ris.Areas.Schedule.Service.ScheduleDoctorTypeService, UIH.IDC.Ris">
      <interceptors>
        <interceptor>${serviceProxy}</interceptor>
      </interceptors>
    </component>

    <component lifestyle="singleton" service="UIH.IDC.Ris.Areas.Schedule.Service.IScheduleDutyService, UIH.IDC.Ris" type="UIH.IDC.Ris.Areas.Schedule.Service.ScheduleDutyService, UIH.IDC.Ris">
      <interceptors>
        <interceptor>${serviceProxy}</interceptor>
      </interceptors>
    </component>

    <component lifestyle="singleton" service="UIH.IDC.Ris.Areas.Schedule.Service.IScheduleScanService, UIH.IDC.Ris" type="UIH.IDC.Ris.Areas.Schedule.Service.ScheduleScanService, UIH.IDC.Ris">
      <interceptors>
        <interceptor>${serviceProxy}</interceptor>
      </interceptors>
    </component>

    <component lifestyle="singleton" service="UIH.IDC.Ris.Areas.Schedule.Service.IScheduleService, UIH.IDC.Ris" type="UIH.IDC.Ris.Areas.Schedule.Service.ScheduleService, UIH.IDC.Ris">
      <interceptors>
        <interceptor>${serviceProxy}</interceptor>
      </interceptors>
    </component>

    <component lifestyle="singleton" service="UIH.IDC.Ris.Areas.BaseData.Service.BusinessManage.ISensibleConditionService, UIH.IDC.Ris" type="UIH.IDC.Ris.Areas.BaseData.Service.BusinessManage.SensibleConditionService, UIH.IDC.Ris">
      <interceptors>
        <interceptor>${serviceProxy}</interceptor>
      </interceptors>
    </component>

    <component lifestyle="singleton" service="UIH.IDC.Ris.Areas.BaseData.Service.BusinessManage.ISensibleManageService, UIH.IDC.Ris" type="UIH.IDC.Ris.Areas.BaseData.Service.BusinessManage.SensibleManageService, UIH.IDC.Ris">
      <interceptors>
        <interceptor>${serviceProxy}</interceptor>
      </interceptors>
    </component>

    <component lifestyle="singleton" id="serviceProxy" service="Castle.DynamicProxy.IInterceptor, Castle.Core, Version=3.2.0.0, Culture=neutral, PublicKeyToken=407dd0808d44fbdc" type="UIH.Mcsf.Common.Service.ServiceProxy, UIH.Mcsf.Common.Service, Version=1.0.0.0, Culture=neutral, PublicKeyToken=null"></component>

    <component lifestyle="singleton" service="UIH.IDC.Ris.Areas.Access.Service.ISessionUserInfoService, UIH.IDC.Ris" type="UIH.IDC.Ris.Areas.Access.Service.SessionUserInfoService, UIH.IDC.Ris">
      <interceptors>
        <interceptor>${serviceProxy}</interceptor>
      </interceptors>
    </component>

    <component lifestyle="singleton" service="UIH.IDC.Ris.Areas.Papr.Service.Workflow.ISharedDataService, UIH.IDC.Ris" type="UIH.IDC.Ris.Areas.Papr.Service.Workflow.SharedDataService, UIH.IDC.Ris">
      <interceptors>
        <interceptor>${serviceProxy}</interceptor>
      </interceptors>
    </component>

    <component lifestyle="singleton" service="UIH.IDC.Ris.Common.Solr.Service.ISolrNetService, UIH.IDC.Ris" type="UIH.IDC.Ris.Common.Solr.Service.SolrNetService, UIH.IDC.Ris"></component>

    <component lifestyle="singleton" service="UIH.IDC.Ris.Common.Sso.Service.ISsoAuthorizationService, UIH.IDC.Ris" type="UIH.IDC.Ris.Common.Sso.Service.SsoAuthorizationService, UIH.IDC.Ris"></component>

    <component lifestyle="singleton" service="UIH.IDC.Ris.Areas.BaseData.Service.BusinessManage.IStudyMethodService, UIH.IDC.Ris" type="UIH.IDC.Ris.Areas.BaseData.Service.BusinessManage.StudyMethodService, UIH.IDC.Ris">
      <interceptors>
        <interceptor>${serviceProxy}</interceptor>
      </interceptors>
    </component>

    <component lifestyle="singleton" service="UIH.IDC.Ris.Areas.Papr.Service.Workflow.ISyncPatientInfo, UIH.IDC.Ris" type="UIH.IDC.Ris.Areas.Papr.Service.Workflow.SyncPatientInfo, UIH.IDC.Ris">
      <interceptors>
        <interceptor>${serviceProxy}</interceptor>
      </interceptors>
    </component>

    <component lifestyle="singleton" service="UIH.IDC.Ris.Areas.Papr.Service.Workflow.ISyncPatientInfoTimer, UIH.IDC.Ris" type="UIH.IDC.Ris.Areas.Papr.Service.Workflow.SyncPatientInfoTimer, UIH.IDC.Ris">
      <interceptors>
        <interceptor>${serviceProxy}</interceptor>
      </interceptors>
    </component>

    <component lifestyle="singleton" service="UIH.IDC.Ris.Areas.BaseData.Service.BusinessManage.ISystemConfigService, UIH.IDC.Ris" type="UIH.IDC.Ris.Areas.BaseData.Service.BusinessManage.SystemConfigService, UIH.IDC.Ris">
      <interceptors>
        <interceptor>${serviceProxy}</interceptor>
      </interceptors>
    </component>

    <component lifestyle="singleton" service="UIH.IDC.Ris.Areas.Log4Net.Service.ISystemLogDeleteService, UIH.IDC.Ris" type="UIH.IDC.Ris.Areas.Log4Net.Service.SystemLogDeleteService, UIH.IDC.Ris">
      <interceptors>
        <interceptor>${serviceProxy}</interceptor>
      </interceptors>
    </component>

    <component lifestyle="singleton" service="UIH.IDC.Ris.Areas.Log4Net.Service.ISystemLogService, UIH.IDC.Ris" type="UIH.IDC.Ris.Areas.Log4Net.Service.SystemLogService, UIH.IDC.Ris">
      <interceptors>
        <interceptor>${serviceProxy}</interceptor>
      </interceptors>
    </component>

    <component lifestyle="singleton" service="UIH.Mcsf.Common.Scheduler.Service.ITaskService, UIH.Mcsf.Common.Scheduler, Version=1.0.0.0, Culture=neutral, PublicKeyToken=null" type="UIH.Mcsf.Common.Scheduler.Service.TaskService, UIH.Mcsf.Common.Scheduler, Version=1.0.0.0, Culture=neutral, PublicKeyToken=null"></component>

    <component lifestyle="singleton" service="UIH.IDC.Ris.Areas.Access.Service.ITest, UIH.IDC.Ris" type="UIH.IDC.Ris.Areas.Access.Service.Test, UIH.IDC.Ris"></component>

    <component lifestyle="singleton" service="UIH.IDC.Ris.Areas.Papr.Service.ChartsAnalysis.ITotalCountService, UIH.IDC.Ris" type="UIH.IDC.Ris.Areas.Papr.Service.ChartsAnalysis.TotalCountService, UIH.IDC.Ris">
      <interceptors>
        <interceptor>${serviceProxy}</interceptor>
      </interceptors>
    </component>

    <component lifestyle="singleton" service="UIH.IDC.Ris.Common.Ris.Service.IUploadFileService, UIH.IDC.Ris" type="UIH.IDC.Ris.Common.Ris.Service.UploadFileService, UIH.IDC.Ris"></component>

    <component lifestyle="singleton" service="UIH.IDC.Ris.Areas.BaseData.Service.BusinessManage.IUserConfigItemService, UIH.IDC.Ris" type="UIH.IDC.Ris.Areas.BaseData.Service.BusinessManage.UserConfigItemService, UIH.IDC.Ris">
      <interceptors>
        <interceptor>${serviceProxy}</interceptor>
      </interceptors>
    </component>

    <component lifestyle="singleton" service="UIH.IDC.Ris.Areas.Diagnosisreport.Service.IUserDiagnosisKnowledgeBaseService, UIH.IDC.Ris" type="UIH.IDC.Ris.Areas.Diagnosisreport.Service.UserDiagnosisKnowledgeBaseService, UIH.IDC.Ris">
      <interceptors>
        <interceptor>${serviceProxy}</interceptor>
      </interceptors>
    </component>



    <component lifestyle="singleton" service="UIH.IDC.Ris.Areas.BaseData.Service.BusinessManage.IUserGroupItemService, UIH.IDC.Ris" type="UIH.IDC.Ris.Areas.BaseData.Service.BusinessManage.UserGroupItemService, UIH.IDC.Ris">
      <interceptors>
        <interceptor>${serviceProxy}</interceptor>
      </interceptors>
    </component>

    <component lifestyle="singleton" service="UIH.IDC.Ris.Areas.Access.Service.IUserInfoService, UIH.IDC.Ris" type="UIH.IDC.Ris.Areas.Access.Service.UserInfoService, UIH.IDC.Ris">
      <interceptors>
        <interceptor>${serviceProxy}</interceptor>
      </interceptors>
    </component>

    <component lifestyle="singleton" service="UIH.IDC.Ris.Areas.Log4Net.Service.IUserLogDeleteService, UIH.IDC.Ris" type="UIH.IDC.Ris.Areas.Log4Net.Service.UserLogDeleteService, UIH.IDC.Ris">
      <interceptors>
        <interceptor>${serviceProxy}</interceptor>
      </interceptors>
    </component>

    <component lifestyle="singleton" service="UIH.IDC.Ris.Areas.Log4Net.Service.IUserLogService, UIH.IDC.Ris" type="UIH.IDC.Ris.Areas.Log4Net.Service.UserLogService, UIH.IDC.Ris">
      <interceptors>
        <interceptor>${serviceProxy}</interceptor>
      </interceptors>
    </component>

    <component lifestyle="singleton" service="UIH.IDC.Ris.Areas.Access.Service.IUserResourceService, UIH.IDC.Ris" type="UIH.IDC.Ris.Areas.Access.Service.UserResourceService, UIH.IDC.Ris">
      <interceptors>
        <interceptor>${serviceProxy}</interceptor>
      </interceptors>
    </component>

    <component lifestyle="singleton" service="UIH.IDC.Ris.Areas.Access.Service.IUserService, UIH.IDC.Ris" type="UIH.IDC.Ris.Areas.Access.Service.UserService, UIH.IDC.Ris">
      <interceptors>
        <interceptor>${serviceProxy}</interceptor>
      </interceptors>
    </component>

    <component lifestyle="singleton" service="UIH.IDC.Ris.Common.Ris.Service.IUserWcfService, UIH.IDC.Ris" type="UIH.IDC.Ris.Common.Ris.Service.UserWcfService, UIH.IDC.Ris">
      <interceptors>
        <interceptor>${serviceProxy}</interceptor>
      </interceptors>
    </component>

    <component lifestyle="singleton" service="UIH.IDC.Ris.Areas.Papr.Service.Shared.IVisitOtherInfoService, UIH.IDC.Ris" type="UIH.IDC.Ris.Areas.Papr.Service.Shared.VisitOtherInfoService, UIH.IDC.Ris">
      <interceptors>
        <interceptor>${serviceProxy}</interceptor>
      </interceptors>
    </component>



    <component lifestyle="singleton" service="UIH.IDC.Ris.Areas.Papr.Service.Shared.IVisitService, UIH.IDC.Ris" type="UIH.IDC.Ris.Areas.Papr.Service.Shared.VisitService, UIH.IDC.Ris">
      <interceptors>
        <interceptor>${serviceProxy}</interceptor>
      </interceptors>
    </component>

    <component lifestyle="singleton" service="UIH.IDC.Ris.Areas.BaseData.Service.BusinessManage.IVisitTypeRelationshipService, UIH.IDC.Ris" type="UIH.IDC.Ris.Areas.BaseData.Service.BusinessManage.VisitTypeRelationshipService, UIH.IDC.Ris">
      <interceptors>
        <interceptor>${serviceProxy}</interceptor>
      </interceptors>
    </component>

    <component lifestyle="singleton" service="UIH.IDC.Ris.Areas.BaseData.Service.BusinessManage.IVisitTypeService, UIH.IDC.Ris" type="UIH.IDC.Ris.Areas.BaseData.Service.BusinessManage.VisitTypeService, UIH.IDC.Ris">
      <interceptors>
        <interceptor>${serviceProxy}</interceptor>
      </interceptors>
    </component>


    <component lifestyle="singleton" service="UIH.IDC.Ris.Areas.Papr.Service.StatisticAnalysis.IWorkloadStatisticService, UIH.IDC.Ris" type="UIH.IDC.Ris.Areas.Papr.Service.StatisticAnalysis.WorkloadStatisticService, UIH.IDC.Ris">
      <interceptors>
        <interceptor>${serviceProxy}</interceptor>
      </interceptors>
    </component>

    <component lifestyle="singleton" service="UIH.IDC.Ris.Areas.ReportTemplate.Service.IXDSHistoricalService, UIH.IDC.Ris" type="UIH.IDC.Ris.Areas.ReportTemplate.Service.XDSHistoricalService, UIH.IDC.Ris">
      <interceptors>
        <interceptor>${serviceProxy}</interceptor>
      </interceptors>
    </component>

    <component lifestyle="singleton" service="UIH.IDC.Ris.Common.Xds.Service.IXDSQueryService, UIH.IDC.Ris" type="UIH.IDC.Ris.Common.Xds.Service.XDSQueryService, UIH.IDC.Ris">
      <interceptors>
        <interceptor>${serviceProxy}</interceptor>
      </interceptors>
    </component>

    <component lifestyle="singleton" service="UIH.IDC.Ris.Common.Xds.Service.IXDSSubmitService, UIH.IDC.Ris" type="UIH.IDC.Ris.Common.Xds.Service.XDSSubmitService, UIH.IDC.Ris">
      <interceptors>
        <interceptor>${serviceProxy}</interceptor>
      </interceptors>
    </component>

    <component lifestyle="singleton" service="UIH.IDC.Ris.Areas.CloudSyncTool.Service.ICloudSyncService, UIH.IDC.Ris" type="UIH.IDC.Ris.Areas.CloudSyncTool.Service.CloudSyncService, UIH.IDC.Ris">
    </component>

    <component lifestyle="singleton" service="UIH.IDC.Ris.Areas.Diagnosisreport.Service.IImageReportPathService, UIH.IDC.Ris" type="UIH.IDC.Ris.Areas.Diagnosisreport.Service.ImageReportPathService, UIH.IDC.Ris">
      <interceptors>
        <interceptor>${serviceProxy}</interceptor>
      </interceptors>
    </component>

    <component lifestyle="singleton" service="UIH.IDC.Ris.Areas.Papr.Service.Workflow.IAutoGetCenterReport, UIH.IDC.Ris" type="UIH.IDC.Ris.Areas.Papr.Service.Workflow.AutoGetCenterReport, UIH.IDC.Ris">
      <interceptors>
        <interceptor>${serviceProxy}</interceptor>
      </interceptors>
    </component>
    <component lifestyle="singleton" service="UIH.IDC.Ris.Areas.CloudSyncTool.BLL.ISyncWork, UIH.IDC.Ris, Version=1.0.0.0, Culture=neutral, PublicKeyToken=null" type="UIH.IDC.Ris.Areas.CloudSyncTool.BLL.SyncWork, UIH.IDC.Ris, Version=1.0.0.0, Culture=neutral, PublicKeyToken=null">
    </component>
    <component lifestyle="singleton" service="UIH.IDC.Ris.Areas.BaseData.Service.BusinessManage.ISwitchConfigService, UIH.IDC.Ris, Version=1.0.0.0, Culture=neutral, PublicKeyToken=null" type="UIH.IDC.Ris.Areas.BaseData.Service.BusinessManage.SwitchConfigService, UIH.IDC.Ris, Version=1.0.0.0, Culture=neutral, PublicKeyToken=null">
      <interceptors>
        <interceptor>${serviceProxy}</interceptor>
      </interceptors>
    </component>
  </components>
</configuration>