<?xml version="1.0" encoding="UTF-8"?>
<!--用XMLSpy v2011 rel. 2 sp1产生的 XML文件(http://www.altova.com)-->
<PixIdentifySourceConfig xsi:noNamespaceSchemaLocation="PixConfig.xsd" xmlns:xsi="http://www.w3.org/2001/XMLSchema-instance">
	<ConfigForActor SendingApplication="NIST_SENDER" SendingFacility="NIST">
	</ConfigForActor>
	<ConfigForManager SendingApplication="IHE PIX Manager" SendingFacility="UIH">
		<Url>
			<IP>10.2.3.63</IP>
			<Port>11118</Port>
		</Url>
	</ConfigForManager>
</PixIdentifySourceConfig>
