<?xml version="1.0" encoding="utf-8"?>
<XDS>
    <REGISTRY address="http://10.2.3.148:1029/XdsService/xdsregistry"/>
    <LOCALREPOSITORY address="http://10.2.3.146:1029/XdsService/XDSRepository"/>
    <REPOSITORY>
        <ENDPOINT repositoryid="1.2.3.3.21.120" address="http://10.2.3.148:1029/XdsService/XDSRepository" />
        <ENDPOINT repositoryid="1.2.3.3.21.121" address="http://10.2.3.146:1029/XdsService/XDSRepository" />
    </REPOSITORY>
  <IheXDSPort>11118</IheXDSPort>
</XDS>
